<?xml version="1.0" encoding="UTF-8" standalone="yes" ?><cp:coreProperties xmlns:cp="http://schemas.openxmlformats.org/package/2006/metadata/core-properties" xmlns:dc="http://purl.org/dc/elements/1.1/" xmlns:dcmitype="http://purl.org/dc/dcmitype/" xmlns:dcterms="http://purl.org/dc/terms/" xmlns:xsi="http://www.w3.org/2001/XMLSchema-instance"><dcterms:created xsi:type="dcterms:W3CDTF">2017-11-30T13:41:04Z</dcterms:created><dc:creator>Christopher Broussard</dc:creator><dc:description>Toolbox to access .nex files.</dc:description><dcterms:modified xsi:type="dcterms:W3CDTF">2017-11-30T13:41:04Z</dcterms:modified><dc:title>NEXToolbox</dc:title><cp:version>2.3.1</cp:version></cp:coreProperties>