<?xml version="1.0" encoding="UTF-8" standalone="yes" ?><fileEntries xmlns="http://schemas.mathworks.com/package/2013/filesystemManifest" createdByEncoding="windows-1252" createdByPlatform="win64" version="2.0"><fileEntry content="/fsroot/+nex/NexEngineOpcodes.m" date="2016-04-07T17:25:25Z" name="/+nex/NexEngineOpcodes.m" permissions="010666" type="File"/><fileEntry content="/fsroot/+nex/NexVariableTypes.m" date="2016-04-07T17:25:25Z" name="/+nex/NexVariableTypes.m" permissions="010666" type="File"/><fileEntry content="/fsroot/+nex/closenexfile.m" date="2016-12-02T18:23:22Z" name="/+nex/closenexfile.m" permissions="010666" type="File"/><fileEntry content="/fsroot/+nex/getcontinuousdata.m" date="2017-02-10T17:30:37Z" name="/+nex/getcontinuousdata.m" permissions="010666" type="File"/><fileEntry content="/fsroot/+nex/geteventdata.m" date="2016-12-02T18:49:15Z" name="/+nex/geteventdata.m" permissions="010666" type="File"/><fileEntry content="/fsroot/+nex/getintervaltimes.m" date="2017-11-30T13:34:17Z" name="/+nex/getintervaltimes.m" permissions="010666" type="File"/><fileEntry content="/fsroot/+nex/getneurondata.m" date="2017-02-10T17:43:07Z" name="/+nex/getneurondata.m" permissions="010666" type="File"/><fileEntry content="/fsroot/+nex/listintervalnames.m" date="2017-02-10T17:43:58Z" name="/+nex/listintervalnames.m" permissions="010666" type="File"/><fileEntry content="/fsroot/+nex/listneuronnames.m" date="2017-02-10T17:44:25Z" name="/+nex/listneuronnames.m" permissions="010666" type="File"/><fileEntry content="/fsroot/+nex/makeengine.m" date="2016-04-07T17:25:25Z" name="/+nex/makeengine.m" permissions="010666" type="File"/><fileEntry content="/fsroot/+nex/opennexfile.m" date="2016-12-02T18:29:51Z" name="/+nex/opennexfile.m" permissions="010666" type="File"/><fileEntry content="/fsroot/+nex/readfileheader.m" date="2017-02-10T17:45:25Z" name="/+nex/readfileheader.m" permissions="010666" type="File"/><fileEntry content="/fsroot/+nex/readvariabledata.m" date="2017-02-10T17:41:08Z" name="/+nex/readvariabledata.m" permissions="010666" type="File"/><fileEntry content="/fsroot/+nex/readvariableheaders.m" date="2017-02-10T17:35:59Z" name="/+nex/readvariableheaders.m" permissions="010666" type="File"/><fileEntry content="/fsroot/+nex/src/HowToReadAndWriteNexFiles.cpp" date="2016-04-07T17:25:25Z" name="/+nex/src/HowToReadAndWriteNexFiles.cpp" permissions="010666" type="File"/><fileEntry content="/fsroot/+nex/src/NexFile.h" date="2016-04-07T17:25:25Z" name="/+nex/src/NexFile.h" permissions="010666" type="File"/><fileEntry content="/fsroot/+nex/src/NexFileVariables.h" date="2016-04-07T17:25:25Z" name="/+nex/src/NexFileVariables.h" permissions="010666" type="File"/><fileEntry content="/fsroot/+nex/src/nexengine.cpp" date="2016-04-07T17:25:25Z" name="/+nex/src/nexengine.cpp" permissions="010666" type="File"/><fileEntry content="/fsroot/+nex/src/nexengine.h" date="2016-04-07T17:25:25Z" name="/+nex/src/nexengine.h" permissions="010666" type="File"/><fileEntry content="/fsroot/+nex/src/projects/nexengine/nexengine.xcodeproj/project.pbxproj" date="2016-04-07T17:25:25Z" name="/+nex/src/projects/nexengine/nexengine.xcodeproj/project.pbxproj" permissions="010666" type="File"/><fileEntry content="/fsroot/+nex/src/projects/nexengine/nexengine.xcodeproj/project.xcworkspace/contents.xcworkspacedata" date="2016-04-07T17:25:25Z" name="/+nex/src/projects/nexengine/nexengine.xcodeproj/project.xcworkspace/contents.xcworkspacedata" permissions="010666" type="File"/><fileEntry content="/fsroot/+nex/src/projects/nexengine/nexengine.xcodeproj/project.xcworkspace/xcuserdata/cbroussa.xcuserdatad/UserInterfaceState.xcuserstate" date="2016-04-07T17:25:25Z" name="/+nex/src/projects/nexengine/nexengine.xcodeproj/project.xcworkspace/xcuserdata/cbroussa.xcuserdatad/UserInterfaceState.xcuserstate" permissions="010666" type="File"/><fileEntry content="/fsroot/+nex/src/projects/nexengine/nexengine.xcodeproj/xcuserdata/cbroussa.xcuserdatad/xcdebugger/Breakpoints_v2.xcbkptlist" date="2016-04-07T17:25:25Z" name="/+nex/src/projects/nexengine/nexengine.xcodeproj/xcuserdata/cbroussa.xcuserdatad/xcdebugger/Breakpoints_v2.xcbkptlist" permissions="010666" type="File"/><fileEntry content="/fsroot/+nex/src/projects/nexengine/nexengine.xcodeproj/xcuserdata/cbroussa.xcuserdatad/xcschemes/Debug.xcscheme" date="2016-04-07T17:25:25Z" name="/+nex/src/projects/nexengine/nexengine.xcodeproj/xcuserdata/cbroussa.xcuserdatad/xcschemes/Debug.xcscheme" permissions="010666" type="File"/><fileEntry content="/fsroot/+nex/src/projects/nexengine/nexengine.xcodeproj/xcuserdata/cbroussa.xcuserdatad/xcschemes/xcschememanagement.plist" date="2016-04-07T17:25:25Z" name="/+nex/src/projects/nexengine/nexengine.xcodeproj/xcuserdata/cbroussa.xcuserdatad/xcschemes/xcschememanagement.plist" permissions="010666" type="File"/><fileEntry content="/fsroot/+nexlegacy/readNexFile.m" date="2016-04-07T17:25:25Z" name="/+nexlegacy/readNexFile.m" permissions="010666" type="File"/><fileEntry content="/fsroot/+nexlegacy/writeNexFile.m" date="2016-04-07T17:25:25Z" name="/+nexlegacy/writeNexFile.m" permissions="010666" type="File"/></fileEntries>